Crash_ID,Damaged_Property
14205966,TRAFFIC LIGHT POLE
14205966,PRIVATE SIGN
14206001,FRONT ENTRANCE FLOWER BED
14206012,GUARD RAIL
14206038,UTILITY POLE
14206054,"MAILBOX, BARRIER, YARD"
14206054,MAILBOX
14206078,APPROXIMATELY 40 FT GUARD RAIL
14206176,FENCE
14206176,FENCE
14206965,100 FT OF CABLE GUARD RAIL DAMAGE
14210475,"BARBED WIRE FENCE, GATE AT TOLL BOOTH"
14211441,MERGING STREETS SIGN
14211562,TRAFFIC DIRECTION SIGN
14211564,WOODEN FENCE LINE
14211611,CITY CROSS WALK SIGLNAL
14211690,SECURITY KIOSK
14212322,POLE
14212323,UTILITY POLE
14212469,DAMAGE TO TRAFFIC CONTROL POLE #P127S
14215452,FENCE
14217639,TREE
14218332,MAIN PILLAR STRUCK TO PETSMART
14218383,GUARDRAIL DAMAGE AT EXIT 225
14218514,(15 FT 2) YELLOW DIAMOND SHAPE
14218514,LIGHT POLE #233616
14219072,METAL LIGHT POST
14219124,TWO TURN TRAFFIC SIGNS
14219854,BOTH GATES. MILD DAMAGE.
14220084,LIGHT POLE #388876
14222732,GAURD RAIL
14222732,OVER PASS CEMENT POLE
14223393,EXIT SIGN
14223393,GUARDRAIL
14223394,SIGNAL LIGHT
14223411,GUARD RAIL
14223414,30FT GUARDRAIL/DAMAGE
14223484,STOP SIGN / STREET SIGNS
14223486,KOLENDA CHIROPRACTIC
14225476,CURVE WARNING SIGN
14225478,METAL GATE(APARTMENT ENTRANCE)
14225515,BRIDGE
14225860,TREE
14226580,FIRE HYDRANT KNOCKED OFF LOCATION
14226954,BUILDING WOOD BEAM
14227004,CROSSING SIGNAL
14230046,ELECTRIC POLE 382363
14230672,PIPE FENCE
14230727,CONCRETE RETAINING WALL
14230806,LIGHT POLL IN CONSTRUCTION AREA
14231037,STONE WALL
14231192,SIDE YARD
14233359,FENCE
14233424,FENCE AND POST
14233606,POWER POLE #272104
14233641,SUPPORT CABLES FOR ELECTRICAL POLE
14233694,METAL SUPPORT FOR MEDIAN CABLE
14234735,CITY OF AUSTIN SIGN
14234737,SHELL STATION SIGN
14234811,GUARDRAIL DAMAGE. WOOD POST / 30 FT RAIL
14234813,LIGHT POLE #390936 KNOCKED DOWN.
14236942,QUADGUARD ENERGY ABSORB SYSTEM
14237343,CENTER MEDIAN CABLE AND POLE
14237421,UTILITY POLE #357364
14237421,FENCE/GATE
14237611,TRAFFIC LIGHT POLE
14237827,POLE TO GATE
14238032,GUARDRAIL
14240251,GUARDRAIL AT NB TO SB TURNAROUND
14240674,MILE MARKER 231 SIGN KNOCKED DOWN
14240749,YIELD SIGN
14240750,TRAFFIC SIGNAL POLE
14240925,STOP SIGN
14241029,"GUADRAIL, REFLECTOR SIGN"
14241030,GUARDRAIL
14242862,GAURDRAIL
14242939,DIRECTIONAL SIGN
14243326,DAMAGE TO ELECTRICITY POLE
14243488,LIGHT POLE
14245448,A TRAFFIC SIGNAL POLE WAS DAMAGED
14245449,UTILITY POLE #402673
14245450,CONCRETE COLUMN
14245521,GUARDRAIL
14245753,LIGHT POLE #385935
14246471,GUARD RAIL
14246860,WALL AND LANDSCAPING
14248242,40-50 FT OF GUARDRAIL DAMAGED W CURBLINE
14250300,12' TREE
14250300,RETAINING WALL
14251324,CITY OF AUSTIN (2)
14251401,ELECTRIC POLE A1419/379032
14251577,GUARD RAIL DAMAGED
14251702,ELECTRIC POLE
14251731,STREET LIGHT
14251732,GUARDRAIL
14251781,APPROX 40FT GUARD RAIL
14251855,DAMAGED WALL AND WINDOW.
14252004,MAIL BOX DESTROYED
14252007,"BRICK FENCE POST, TREES"
14253582,ROAD SIGN
14253589,CITY LIGHT POLE ON NORTHEAST CORNER
14253623,SIGN POST AT CHEVRON GAS STATION
14253814,FENCE BY BUS STOP
14253817,POWER POLE
14253817,FIRE HYDRANT
14255469,CITY LIGHT POLE #371715
14257584,BUILDING
14257675,ELECTRICITY POLE
14257675,PEDESTRIAN CROSSING SIGN
14257792,10FT OF GUARDRAIL
14258169,METAL RAILING WESTSIDE NB
14258209,GUARD RAIL
14258210,ROAD SIGN
14258232,LANDOWNERS FENCE
14258234,GUARDRAIL
14258269,RAILROAD CROSSING GUARD SWING ARM
14258270,WOODEN MAILBOX
14258275,CITY ORDIANANCE SIGN
14259516,FENCE AND GRASS
14259558,METAL FENCE KNOCKED DOWN
14259559,UTILITY POLE #211830
14259598,POLE # 229516
14260015,POLE 226505 PEDESTRIAN CROSS WALK
14260015,LANDSCAPING AT HYDE PARK AND GRILL REST
14263006,RESIDENCE
14263318,GUARDRAIL
14263396,YELLOW TXDOT HAZARD SIGN
14263781,LIGHT POLE ATTACHED TO LIGHT #25
14263784,ATTENUATOR AT START OF A CONCRETE WALL
14263930,"2 SIGNS, BUSH, AND GRASS"
14264029,POWER POLE
14264029,10 FT CHAIN LINK FENCE
14264033,CONCRETE DIVIDER
14264245,DAMAGED FENCE ON PROPERTY
14265747,SECTION OF GUARD RAIL 512-974-0883
14265808,SEWER LINE
14266231,SECURITY GATE
14266320,CROSS WALK SIGNAL
14266345,HUFFY PINK BICYCLE SN#SNHTC 12564792
14266349,FIRE HYDRANT
14266376,STONE MAILBOX
14266429,10 FT METAL GUARD RAIL
14266494,GUARDRAIL
14267096,STORAGE UNIT WITH DENT FROM TIRE
14268085,POLE 391623
14270738,POWER POLE #240329
14270806,UTILITY POLE #LF12051
14270846,STREET SIGN
14270846,POLE
14270902,PARKING SIGN
14270916,GUARDRAIL AND SUPPORT POSTS
14271485,FENCE
14275215,PEDESTRIAN X-ING LIGHT
14278078,METAL FENCE POST
14279374,CHAIN LINK FENCE APROX 38 FEET
14279396,BRICK COVERED DECORATIVE MAILBOX
14280274,CROSSWALK INDICATOR
14280356,BLACK BICYCLE
14280357,UTILITY POLE #255141
14280406,STREET SIGN
14280406,GUARDRAIL
14280450,STREET SIGN
14280452,UTILITY POLES 202774 AND 202779 AND BOX
14280542,GUARDRAIL
14280969,10 YARDS OF GUARDRAIL
14281008,BUS STOP BENCH/ SIGN POST
14281009,LANDSCAPE
14281072,FENCE; BARBED WIRE 10'
14281091,DAMAGED 3 TRAFFIC SIGNALS
14281159,10 FEET OF GUARD RAIL
14281180,"GUARDRAIL, CONCRETE DIVIDER"
14281198,TREE DAMAGE
14281200,HIT GAS SIGN AT STATION
14281337,CONCRETE RETAINING WALL-MINOR DAMAGE
14281340,LIGHT POLE
14281374,GAURD RAIL
14281380,GUARD RAIL
14281408,MILD DAMAGE TO ELECTRICAL POLE
14281464,COIN WASH LAUNDRY BUILDING
14281474,CONCRETE/CURB/CULVERT
14282503,STOP SIGN OFF BASE
14282503,STOP SIGN OFF BASE
14282567,30 FT GUARDRAIL W/ GUARDRAIL BUMPER DAMA
14282621,STONE DRIVEWAY WALL
14282623,BICYCLE
14282672,GUARD RAIL
14282767,GUARDRAIL DAMAGE
14285349,PLASTIC BARRELS
14285446,ELECTRICAL TRANSFORMER GROUND BOX
14285558,GUARD RAIL DAMAGE
14285563,LANDSCAPE STONES BORDERING WALKWAY ENTRA
14289476,CITY SIGN
14289586,FIRE HYDRANT
14289724,GUARD RAIL AND TRAFFIC SIGNAL POLE>
14290431,GUARDRAIL
14290465,GUARDRAIL AND SUPPORT POSTS
14290493,LANDSCAPING
14290540,ELECTRONIC PEDESTRIAN TRAFFIC SIGNAL
14290540,ONE POLE TO TRAFFIC SIGN
14290541,HOUSE/ GARAGE DOOR/ BUSHES/ CABLE BOX
14290541,STONE MAILBOX/BUSHES/TREE
14290574,SCRATCHES IN ROADWAY SURFACE
14290663,2308 WICKERSHAM LN
14292372,TRAFFIC LIGHT POLE
14292463,BUILDING
14292614,LIGHT POLE
14292890,UTILITY GUIDE WIRE
14292929,BARRIERS (METAL BOLLARD)
14292929,STOP HERE ON RED SIGN
14292949,UTILITY POLE
14293015,15 FT GUARDRAIL DMG. NB ON EAST CURB.
14293019,FIRE HYDRANT
14293019,TREES IN PARKING LOT
14293044,BARRICADE
14293104,ONE WAY SIGN KNOCKED DOWN
14293689,"PIPE, PLANTS, SIGN, HOSE SPOUT"
14293971,UTILITY POLE
14294187,25FT SECTION CONCRETE CENTER DIVIDER
14296641,VEH 2 WAS PUSHED INTO THE OUTSIDE WALL
14296735,ATTACHED GARAGE DAMAGE
14296867,15 FT GUARDRAIL AT SE CORNER
14296906,GUARD RAIL
14298383,GUARD RAIL DAMAGE
14298641,GUARDRAIL
14298644,STREET LIGHT POLE
14298693,LIGHT POLE # 386612
14298698,CITY OF AUSTIN ELECTRIC POLE...207579
14298939,SKYTRAK 924089RA
14298946,TRAFFIC LIGHT BOX
14298979,FENCE
14306311,NORTH CURB LINE GUARDRAIL
14310898,EXTENSIVE DAMAGE TO HOME
14311480,CURVE SIGN
14311748,METAL FENCE
14311874,APARTMENT COMPLEX FENCE
14311877,GUADRAIL/TRAFFIC SIGNS
14312291,ROADWAY LIGHT POLE
14312547,GUARD RAIL DAMAGE
14312668,POWER GENERATOR
14313253,12 FEET OF EXIT RAMP DAMAGED
14313284,FENCE
14313304,PROPERTY FENCE
14313332,RESIDENCE/STONE COLUMN/MAILBOX
14313383,METAL STREET LIGHT POLE
14313385,POWER POLE
14313426,STREET SIGN
14313697,SCRATCHES ON CURB
14313726,GUARDRAIL DAMAGED
14313783,LANDSCAPE DESTROYED
14313863,FENCE
14313863,POWER LINES
14315220,FENCELINE DAMAGE
14315221,"IRON FENCE, CEMENT PILLAR"
14315566,FENCE
14315704,LIGHT POLE
14315705,STREET SIGN (CENTER LANE TURN ONLY)
14315787,GUARD RAIL
14315789,CONCRETE MEDIAN
14318250,LIGHT POLE # 289473
14318337,CONCRETE BARRIER WALL
14318412,GUARDRAIL AND FENCE 10 FT
14318416,POWER POLE / WIRES
14318416,CABLE WIRE
14318669,ONE WAY SIGN
14318671,WASTEWATER LIFT STATION #68
14318710,GUARD RAIL
14318781,ROAD SIGN-
14318782,SHRUB
14320577,BRICK PILLAR
14320720,100' FENCE KNOCKED DOWN.
14320999,"GUARDRAIL, SOUTH CURBLINE"
14326204,TREES
14326301,LANSCAPE AND METAL POLE
14326304,LIGHT POLE STRUCK. 2 BARRIER POLES DAMAG
14326471,GUARD RAIL SOUTH CURBLINE
14326473,BROKEN FIRE HYDRANT EAST CURBLINE
14326708,POLE
14326753,LIVE ANIMALS
14326816,LIGHT POLE
14326971,CONCRETE WALL
14327057,DAMAGE TO POLE #233476 FROM VEHICLE 2
14327151,"FENCE, HOUSE, RETAINING WALL"
14327673,FENCE 2801 DUBLIN DR
14327673,FENCE 2800 LEEDS CV
14327683,STREET SIGN
14327722,WRONG WAY SIGN
14327764,FENCE
14328022,ROCK MAILBOX ENCLOSURE
14329180,APPR 20 FT OF BARRIER DAMAGE AT EXIT
14329235,UTILITY POLE
14329323,CARGO
14329323,CARGO-
14329325,WOODEN GUARD RAIL POST
14329951,40 FT OF GAURD-RAIL
14329974,FENCE
14334304,METAL STORAGE/CONEX
14334339,STREET SIGN
14334418,FENCE
14334437,METAL LIGHT POLE (368014)
14334437,WOODEN TELEPHONE POLE
14334470,AUSTIN B CYCLE STATION AND BICYCLE
14334572,WOOD LIGHT POLE 400109
14335582,MAIL BOX
14335582,MAIL BOX
14340366,TREE
14340366,WOODEN FENCE IN MEDIAN
14340428,3 CITY SIGNS
14340726,MANHOLE COVER DAMAGED
14340935,GUARDRAIL
14340992,GRASS/PLANTS
14341114,LIGHT POLE
14341216,CONCRETE RETAINING WALL
14341227,BICYCLE
14341229,DO NOT ENTER TRAFFIC SIGN
14341262,CONCRETE DIVIDER
14341338,BOULDERS THAT DIVIDED ROADWAY
14341354,"THE METAL OF A DRAINAGE OF A COVERT,"
14341387,TXDOT---GUARD RAIL.
14341388,LIGHT POLE
14341388,FIRE HYDRANT
14341446,(BUILDING) VINTAGE HEART COFFEE
14341488,METAL POLE # 3681918
14341488,CONCRETE BARRICADE
14341522,LIGHT POLE
14341538,CONCRETE BARRIER
14341604,FENCE
14341624,METAL CABLE CENTER MEDIAN BARRIER
14341626,TELEPHONE POLE
14341731,DELINIATOR DAMAGED
14341781,STOP SIGN
14341885,CENTER MEDIAN FENCE
14342425,EAST 1ST GROCERY BUILDING
14342485,FENCE
14342533,LIGHTPOLE: SH:395590
14342618,OVERPASS PILLAR SUPPORT
14342622,LIGHT POLE
14342682,SONIC CANOPY POLE AND ORDER BOX
14342753,GUARD RAIL
14342756,HWY SIGN (U-TURN)
14342756,HWY SIGN (WRONG WAY
14342757,TELEPHONE POLE
14342827,TREE
14342957,CROSSWALK SIGNAL
14343148,ELECTRICAL BOXES
14343148,FENCES
14343260,US INTERSTATE 35 SIGN KNOCKED DOWN
14343425,CONCRETE DIVIDER
14344873,LIGHT POLE
14344955,METAL ENTRANCE GATE
14346743,METAL GATE
14346743,LAWN
14346813,"ORANGE BARREL, GUARDRAIL DAMAGE"
14346938,GUARD RAIL
14346994,FIRE HYDRANT ON 6400 BLOCK OF THAXTON RD
14347039,TREE
14347262,NO PARKING SIGN
14347262,STOP SIGN
14347455,LANDSCAPING
14347455,FENCE / LANDSCAPING
14347496,WOODEN POLE DAMAGED NUMBER 211956
14347496,FENCE DAMAGED TO THE RV PARK
14347498,FENCING
14350747,FIRE HYDRANT
14350749,POLE 2105 WAS KNOCK OVER EXPOSING WIRES
14350750,OVERHEAD SIGN FOR VEH CLEARANCE
14350967,BRICK/CONCRETE RETAINING WALL
14351110,150FT GUARD RAIL
14351392,VARIOUS SHRUBS
14351392,STONE SIGN
14351393,FENCE
14351511,FENCE
14351583,GUARDRAIL/CROSSWALK SIGNAL
14351610,SIGNAL LIGHT POLE DENT DAMAGE
14351610,ONE WAY SIGN AT SIGNAL LIGHT POLE
14351696,FENCE
14351795,ONE WAY SIGN
14351797,GARAGE DOOR
14351860,EXIT 221 SOUTH BOUND SIGN
14351864,METAL RAILING
14351874,GUARD RAIL/PEDESTRIAN SIGN
14355759,GUARDRAIL DAMAGE
14355793,FRONT FENCE OF 4808 CREEK BEND
14355793,CITY FIRE HYDRANT SCRAPED/DENTED
14355831,20FT. OF GUARD RAIL
14355835,YIELD SIGN
14356206,TRAFFIC LIGHT POLE
14356208,CEMENT BARRIER
14359850,NO TRUCK THROUGH SIGN
14359889,US 183 SIGN/POLE
14359890,CURB AT A CONVENIENCE STORE
14360041,MINOR DAMAGE TO SIDE OF HOME
14360041,GARAGE AND HOME DAMAGED
14360234,70FT GUARDRAIL DAMAGE N SIGN
14360267,GUARD RAIL
14360413,CHAIN LINKED FENCE
14360461,GUARDRAIL
14360461,LIGHT POLE
14360492,BIKE LANE NO PARKING SIGNS
14360579,30FT CRASH BARRIER DAMAGED DUE TO IMPACT
14360604,"""WOODLANDS PARK TANGLEWOOD FORREST"" SIGN"
14360673,PRIVACY FENCE
14360673,PRIVACY FENCE
14360674,BACKFLOW PUMP BOX
14360688,GATE AND BRICK PILLARS
14360702,CHAIN FENCE
14360723,CAMERA DEVICE
14360723,GUARD RAILS
14360724,TREE
14363282,DAMAGED GUARD RAIL
14363283,UTILITY POLE #206969
14363525,15 FEET OF GUARDRAIL DAMAGE
14363722,PILLAR IN FRONT OF ROSS STORE
14363815,ROCK WALL PARTIALLY NOCKED DOWN.
14364018,CABLE BARRIER
14364102,GUARDRAIL FENCING
14364143,CRASH CUSION ON HIGHWAY
14364244,CHAIN LINK FENCE DAMAGE
14364245,ENTRANCE GATE TO 6407 SPRINGDALE RD
14365903,HOME OWNERS FENCE WAS DESTROYED
14365974,DAMAGED FENCE
14366035,GUARD RAIL DAMAGE
14366038,TWO BARRIER POSTS
14366166,AUSTIN ENERGY TELEPHONE POLE #327581
14366567,GUARD RAIL
14368451,UTILITY POLE
14368565,CONCRETE MAIL BOX
14369916,TREE
14372466,LANDSCAPE AT THE FRONT ENTRANCE
14372492,SEVERE STRUCTURAL DAMAGE TO GARAGE
14372572,CROSSWALK SIGN
14372593,LIGHT POLE
14372645,BUILDING AT 7112 BURNET RD
14372731,RETAINING WALL
14372754,GOLF CART / METAL FENCE
14372754,LIGHT POLE / CROSSWALK POLE
14372794,3 LIMESTONE PILLARS/ MAIL BOX
14372794,ELECTRICAL BOX#902282 SPRINGLER SYSTEM
14372829,POWER POLE #274068
14372852,FENCE
14372853,LIGHT POLE #383123
14372895,FENCE
14372897,FIRE HYDRANT (SW CORNER)
14372897,TAXI ONLY PARKING SIGN
14372915,FIRE HYDRANT
14373016,CURB/MEDIAN
14373090,FENCING
14373140,FENCE
14373199,GUARDRAIL
14376007,BEN WHITE MINI STORAGE BUSINESS.
14376071,TRANSFORMER BOX
14376171,DAMAGED LANDSCAPING
14376217,METAL FENCE
14376728,KNOCKED OVER STREET SIGN
14376730,SIGN / POLE / LANDSCAPPING
14376731,SI / POLE / LANDSCAPPING
14376796,SIDE MEDIUM WALL
14376828,BUILDING WALL
14376849,MAILBOX KNOCKED DOWN
14376872,SCUFFING ON CURBLINE.
14376873,BOULDIN CREEK CAFE
14376873,FIRE HYDRANT
14376874,CEMENT BARRIER
14376908,7101 RITCHIE DR
14376918,STREET LIGHT POST
14376941,GUARDRAIL
14378584,LIGHT POLE #362347
14378992,BUS SIGN
14379064,FENCE
14380680,BARBED WIRE FENCE
14380680,10FT GUARD RAIL
14380879,A POSTED 45MP SIGN.
14383972,IRON FENCE
14383992,20 PILE-ONS THAT SEPARATE ON-RAMP
14384024,BUS STOP BENCH #4300
14384053,STONE WALL IN FRONT YARD
14388397,NA
14388397,NONE
14388638,NONE
14391326,ROAD SIGN
14391843,FUEL PUMPING STATION
14392490,SIGNAGE
14392509,FIRE HYDRANT/ STREET SIGN
14392554,WOODEN SIGN IN LOT
14392554,YEILD SIGN
14392575,POLE#47117BSYR1
14392635,GUARDRAIL (15FT)
14392802,GUARD RAIL AND WIRE
14393412,BROKEN BRICK MAILBOX
14393835,STOP SIGN
14393898,SIX FEET OF WOODEN PRIVACY FENCE DAMAGED
14393968,"CHICKEN COUPE, TREES AND FENCE"
14393968,FENCE
14394341,UTILITY POLE #239415
14394413,FENCE
14394620,DAMAGED CONCRETE BARRIER ON BRIDGE
14396046,NONE
14396048,POLE #362918 KNOCKED DOWN
14396123,UTILITY POLE # 242706
14396211,LIGHT POLE
14396623,GUARDRAIL
14396679,GUARDRAIL
14396697,GUARDRAIL
14398703,METAL FENCE
14398703,TEST MARKER-TEXAS GAS SERVICE
14398813,DEER
14398848,CEMENT MEDIAN
14399533,BROKEN WALL
14399533,BROKEN SWINGSET
14403055,15 FEET GUARD RAIL DAMAGE IN THE 500 BLK
14403063,FENCE
14403068,GUARDRAIL DAMAGE (7FT)
14403081,FIRE HYDRANT
14403081,BICYCLE RACK
14403082,POWER POLE
14403104,BARRIER
14403174,APT. MANAGER AT VILLAGES AT BELLA VISTA.
14403234,"GUARD RAIL, ABOUT 40FT"
14403314,FENCE
14403335,RESTURANT EXTERIOR DAMAGE
14403426,GUARDRIL
14403523,NO DAMAGE
14403526,METAL POLE
14403561,NONE
14403598,YIELD SIGN
14404468,LIGHT POLE
14404678,BARRIER WALL
14406813,30' GUARD RAIL
14406827,MAILBOX
14406867,GUARD RAIL DAMAGE
14406896,LIGHT POLE
14408998,4X4 ON ROAD SIGN
14410805,CROSSING SIGN
14410839,WOOD FENCE 512-707-1122
14414681,ADDRESS SIGN
14414801,GUARD RAIL
14414802,APARTMENT HOME 3210 MOSSROCK DR
14415127,FRONT LAWN LANDSCAPE
14415127,FRONT LAWN LANDSCAPE
14415170,NONE
14415181,SPEED LIMIT SIGN
14415195,STATE HWY SIGN
14415210,CCTV BOX
14415294,SIDING OF BUILDING 4
14415303,TELEPHONE POLE
14416685,FENCE FOR VIKING FENCE
14418338,DO NOT ENTER/EXIT 237B SIGN
14418338,"""Y"" LIGHT POLE"
14418339,LANDSCAPING
14418339,RETAINING WALL
14418421,DAMAGE TO AUSTIN ANERGY ELECTRICITY POLE
14418472,BARBWIRE FENCE RUN THROUGH ON EAST SIDE
14418687,4FT. OF BARBED WIRE FENCE
14418689,GUARD RAIL
14418836,SIDE OF HOUSE
14418836,YARD FENCE(CHAIN LINK)
14418858,LIGHT POLE #397277
14418859,MAILBOX
14418977,APPX 25 FT OF GUARDRAIL DAMAGED
14423195,FIRE HYDRANT
14423422,PLASTIC WATER BARRICADES
14423458,CITY TRUCK HIT A CUSTOM MADE MAILBOX.
14423504,GUARDRAIL
14423505,APPROXIMATELY 60FT OF GUARD RAIL.
14423508,GUARD RAIL/HWY LAMP
14423521,STOP SIGN NORTH EAST CORNER
14423575,LANDSCAPING
14423575,MAILBOX
14423588,UTILITY POLE #33183
14423588,POND SPRINGS PLAZA
14423600,UTILITY POLE 328920
14423614,HOUSE
14423631,30 FT GUARDRAIL DAMAGE
14423677,50' GUARDRAIL
14426238,GUARD RAIL
14426362,TREE DAMAGE
14426419,UTILITY POWER BOX
14426537,"ONE LARGE CACTUS, ONE POURCH RAILING"
14426655,APPROXIMATELY 50 FEET OF GUARDRAIL DAMAG
14426747,CAPITAL METRO BUS STOP (BENCH/SIGN)
14426883,CHAIN LINK FENCE
14426927,STAIRCASE RAILING FOR BLDG 7
14427039,100+ FT OF GUARDRAIL DAMAGE ON WEST CURB
14427040,GUARD RAIL DAMAGE
14428379,NONE
14428505,DAMAGED WATER BARRIER
14428630,30FT OF GUARDRAIL
14429204,GUARD RAILS  7200 BLK
14429204,GUARD RAILS 7300 BLK
14429287,RAILING
14429288,GATE AT SEDONA SPRINGS APT COMPLEX
14429289,STREET SIGN
14429384,NONE
14429438,SUPPORT WOOD PILLAR
14429439,25 FEET OF GUARD RAIL.
14431000,LIGHT POLE#364818
14431738,GATE
14431943,WATER BARRELS
14432046,PLASTIC BARRICADE
14433743,FIRE HYDRANT
14433884,METAL CABLE MEDIAN BARRIER
14434090,LIGHT POLE
14434212,GUARDRAIL DAMAGED 25' SECTION
14434282,STOP SIGN/STREET SIGN
14434282,GRASS ON FRONT LAWN
14434322,TRAFFIC SIGNAL POLE
14434496,5- NEWS PAPER BINS
14434496,3- PARKING SIGNS
14434496,LIGHT POLE DAMAGE
14438535,FIRE HYDRANT
14438730,LIGHT POLE
14438730,GUARD RAIL
14439898,TRAFFIC SIGNAL POLE
14440166,GUARD RAIL
14440210,LIGHT CONTROL BOX
14440227,10 FEET OF GUARDRAIL DAMAGED
14440248,HOUSE/BUSINESS
14440279,NONE
14440299,APPROXIMATELY 30' GUARDRAIL
14440314,BARRIER WALL
14440347,PARTS DEPT COVERT DODGE SIGN
14440406,LIGHT POLE #248443 STRUCK BY UNIT 1.
14441666,FENCE YARD
14441848,CHAIN LINK FENCE
14441926,BUILDING-GOODWILL
14441973,COMPASS BANK SIGN
14442025,GUARDRAIL
14442026,GUARDRAIL
14443854,WOODEN TELEPHONE POLE #203019
14443856,LIGHT POLE #395782
14443963,UNIT 2'S FOOT WAS DAMAGED
14444128,ADDRESS SIGN
14444193,BROKEN HEIGHT WARNING SIGN AND WATER PIP
14446362,REAL ESTATE SIGN
14446417,GUARDRAILS
14446478,LIGHT POLE/CONCRETE BASE
14446479,WRONG WAY SIGN AND POLE
14448336,LIGHT/TELEPHONE POLE 277956
14448336,BIKE RACK AND BICYCLE
14448362,GUARD RAIL AND STREET SIGNS
14448414,SIDE OF HOUSE
14448537,10FT GUARD RAIL
14448537,YIELD SIGN
14448770,FENCE
14448770,HAND RAIL
14452840,CONCRETE BARRIOR
14452966,50' GUARDRAIL DAMAGE
14453034,GUARDRAIL DAMAGE
14453092,UTILITIES POLE #318787
14453092,CURB DAMAGE/LANDSCAPING
14453092,LANDSCAPINT/BIKE RACK
14453303,MAILBOX
14453419,BIKE RACK
14453419,LIGHT POLE #364556
14453444,CONCRETE WALL BARRIER
14453476,GUARDRAIL POST
14453572,CITY LIGHT POLE
14453599,WOODEN UTILITY POLE #291279
14453599,LANDSCAPING
14453650,SPEED LIMIT SIGN
14453686,CENTER REATING WALL WITH GUARDRAIL
14453687,FRONT SIDE OF TRAIN LIFE FIT GYM
14453725,GUARDRAIL DAMAGED 35FT
14453744,POWER POLE #34221567
14453763,2 GAS PUMPS AND CONCRETE DESTROYED
14453832,GUARD RAIL
14453851,GUARD RAIL
14453852,DO NOT ENTER STREET SIGN
14454522,ROADWAY SIGN FOR INTERSECTION
14454948,GUARDRAIL
14455064,MAIL BOX
14457387,TREE AND LANDSCAPING
14457451,DAMAGE TO TREE
14457471,CHAIN LINK FENCE
14459337,GUARDRAIL DAMAGE
14459389,"NORTH PRIVACY FENCE, GRASS, AND LANDSCAP"
14459614,FRONT YARD PLANTER AND FRONT LAWN
14459638,ATT PHONE CABLE
14459708,TRAFFIC LIGHT BOX
14459758,GUARD RAIL
14459778,FRONT ROLLING GATE
14459808,STONE FENCE
14459808,CHAIN LINK FENCE
14459861,BUILDING 36
14461138,DAMAGED GUARD RAIL
14462737,METAL POLE #D3153
14462819,CROSSWALK SIGNAL WAS PLOWED OVER
14462882,ONE WAY SIGN N LARGE DISPLAY SIGN
14462958,UTILITY POLL
14463227,LIGHT POLE AND TREE
14463402,WHOLE FOODS MARKET SIGN
14463402,TREE
14463403,POLE #345368
14463683,15 FEET OF FENCE
14464962,EXIT SIGN POLE MISSING AT 5200 BLK N IH.
14465101,DAMAGED FENCE
14465303,SCRAPES/PAINT TRANSFER ON CONCRETE WALL.
14466072,STREET SIGN
14466969,STREET SIGN/ STOP SIGN
14467317,LIGHT POLE (SE CORNER)
14468942,CONCRETE PILLAR
14469055,GUARDRAIL
14469222,TREES
14469222,BRICK WALL
14469223,SHRUBS ON MEDIAN
14469364,LIGHT POLE #371533
14470646,THREE FEET OF GUARDRAIL
14471006,STRUCK WHITE METAL POLE NEXT TO GAS PUMP
14474249,CEMENT/BRICK WALL
14474251,GUARDRAIL SUPPORT POLE
14474370,DAMAGED PORCH-  FOUNDATION
14474443,LIGHT POLE NOW AT 45 DEGREE ANGLE
14474586,METAL GUARD RAIL
14474636,ROAD SIGN
14474704,"LANDSCAPING. BUSHES, SMALL TREE."
14475083,GUARD-RAIL DAMAGE
14475128,LIGHT POLE /LIGHT FIXTURE
14475232,#303669 AUSENERGY POLE
14475264,FIRE HYDRANT
14475817,4112 SHOAL CREEK BLVD: STRUCTURAL DAMAGE
14477145,ELECTRICAL POLE
14477151,SHRUBBERY
14478693,LIGHT POLE #378534
14478740,ELECTRICAL WIRES
14478740,CITY OF AUSTIN ELECTRICAL WIRES
14478743,MBU (MAILBOX)
14479120,POWER LINES
14479120,POWER LINES
14479183,RAN INTO 10 OF WOOD FENCE
14479396,CITY LIGHT POLE
14480374,UTILITY POLE #306676
14480770,GUARDRAIL / POLES ~ 140'
14481558,FENCE
14481578,VEHICLE HIT A WALL AT BUILDING 8
14483558,LIGHTING POLE 389632 BENT BUT STILL UP
14483730,FENCE
14483738,CITY LIGHT POLE
14486938,50 FEET OF FENCE AND MULTIPLE TREES
14487009,CITY OF AUSTIN CROSSWALK SIGNAL
14487030,GUARDRAIL
14487394,TURN SIGNAL (SB PV TO EB RIVERSIDE)
14487565,WATER BARACADES ON MOPAC EXPSWY
14487623,N/A
14487630,SPEED LIMIT SIGN
14487724,BROKE APPROXIMATELY 20 FT OF WOODEN FENC
14487732,UTILITY POLE
14488753,FENCE BROKEN
14488814,POWER CABLE HOUSING
14489535,20 FEET OF GUARD RAIL
14491284,SMALL EXIT SIGN ($350)
14491284,3 WOODEN POSTS ($135)
14491284,APPROXIMATELY 15 FT OF GUARD RAIL DAMAGE
14491284,EXTRUDER TERMINAL ($3000)
14491962,GUARD RAIL
14491962,SPEED LIMIT SIGN (30 MPH)
14492009,CONCRETE MEDIAN
14492227,UTILITY POLE #401071
14493693,PEDESTRIAN CROSSING LIGHT
14495647,GUARD RAIL
14495707,UTILITY POLE
14498536,GRASS AND TREE
14498596,STREET SIGN
14498867,DAMAGED TRAFFIC LIGHT POLE. STILL STANDS
14499262,"DAMAGE TO FRONT YARD, TREES, LANDSCAPING"
14499582,FIRE HYDRANT (8900 RESEARCH BLVD/METRIC)
14499649,CRASH BARRIER
14499686,NONE
14499781,HWY GUARD RAIL
14500185,100 FT OF DAMAGE WIRE GUARD RAIL
14500530,DO NOT ENTER ROADWAY SIGN
14500634,FIRE HYDRANT
14500688,POSTED DIRECTION ARROW SIGN
14500708,PEDESTRIAN WALK LIGHT
14501009,DAMAGED TREE
14501021,"STONE MAILBOX,"
14501021,"25 FT CHAIN LINK FENCE, TREE, GRASS"
14501028,MAIL BOX TREE AND YARD
14501257,RESIDENCE 4615 CASWELL AVE
14501266,CHAIN LINKED FENCE TO WILLIAMSON CREEK
14501319,METAL GUARD RAIL
14501325,FORKLIFT
14501405,LIGHT POLE #371450
14504340,"LIGHT POLE, NW CORNER"
14504357,LIGHT POLE
14504699,TREE IN CENTER MEDIAN
14505067,DAMAGE TO CONCRETE ON FRONT OF BUILDING.
14505083,ONE WAY SIGN
14505141,YARD OF 5514 WOODROW AVE
14505945,20' BARRICADE BARRELS
14506372,GREEN TREK BICYCLE
14506670,LIGHT POLE
14506678,BARRIER
14507215,FIRE HYDRANT KNOCKED OVER
14509327,ELECTRIC POLE #329230
14509476,POWER POLE WAS STRUCK
14509476,FENCE
14509547,37 FT OF GAURDRAIL
14509569,STREET SIGN
14509755,PRICACY FENCE DAMAGED BY WHITE CHEVROLET
14509755,TREE
14509766,ROCK MAILBOX AND FENCE
14509914,9403 HANSFORD BRICK WALL
14509914,CAPITAL METRO AND CITY OF AUSTIN
14510005,MAILBOXES DAMAGED
14510005,DAMAGED LIGHT POLE LOCATED AT 2010 E STA
14510037,METAL STAIRCASE
14510037,FRONT WALL OF APARTMENT 2
14510043,METALLIC GUARD RAIL///TREE
14510063,EXTERIOR OF HOME
14511406,GUARDRAIL
14511445,WHEELBARROW
14511543,SIGNAL LIGHT DAMAGED FROM VEHICLE IMPACT
14511619,GOODWILL SIGN
14511894,LANE DIRECTION SIGN
14512473,EAST CURBLINE ...CONCRETE.
14513972,GUARDRAILON NORTHEAST CORNER OF BRIDGE
14514120,LIGHT POLE #214902
14514205,FENCE DAMAGED AT DEAD END OF ROADWAY
14515263,GUARD RAILING 75-100 YARDS
14515412,TREE
14515506,CONCRETE WALL/SIGN
14515521,8615-A PUTNAM DR(BRICK WALL)
14515568,10FT OF FENCING
14515880,LARGE TREE IN FRONT YARD
14515880,STOP SIGN ON LONG BOW
14515899,SAFETY POLE
14515968,UTILITY POLE
14515997,NA
14516105,FIRE HYDRANT
14520079,UTILITY POLE # 312640
14520674,IRRIGATION PIPE (SOUTH END)
14520674,PERIMETER FENCE (SOUTH END)
14520706,TRAFIC CONTROL SIGN
14520726,GUARDRAIL 20FT
14520832,TURN CAUTION SIGN
14520900,POWER POLE KNOCKED DOWN
14520958,825 E RUNDBERG LN
14520977,YIELD SIGN
14520977,60' OF 3 WIRE MEDIAN WIRE
14521258,LIGHT POLE #209382
14521352,ENTRY GATE
14522066,MOBLE RAFFIC SIGN BOARD $7000.00
14525011,TRAFFIC WARNING SIGN
14525264,UTILITY POLE
14525917,BRICK MAILBOX
14526227,GUARDRAIL
14526478,BRICK FENCE
14526658,CROSSWALK SIGNAL ON SOUTHWEST CORNER.
14526743,UTILITY POLE 243290
14526743,MAILBOX
14526899,GUARD RAIL DAMAGE
14526915,DAMAGE TO INSIDE GUARDRAIL
14527894,CHAIN LINK FENCE
14528092,"SMALL TREE, HOUSE BRICK VENEER"
14528158,CITY OF AUSTIN FIRE HYDRANT
14528158,TREES UP ROOTED
14528208,PAIN CARE PHYSICIAN.CRACKED BRICK PILLAR
14528252,LIGHT POLE #341464
14528449,WROUGHT IRON FENCE
14530976,BLACK METAL FENCE.
14530986,WELLS FARGO BANK
14531085,CONCRETE MAILBOX
14531085,WOODEN MAILBOX
14531128,3 FEET OF GUARD RAIL DAMAGE
14531358,50 FT OF GUARD RAIL
14531745,LIGHT POLE #372097
14531747,GAURD RAIL
14531813,PILLAR TO THE TOLL OVER PASS
14531864,"""NO PARKING"" SIGN"
14531864,""" THE PARK"" APARTMENT COMPLEX SIGN"
14532849,BROKEN/SCRATCHED LANDSCAPE ROCK
14532924,DAMAGE TO GUARD RAIL ON SERVICE ROAD 30
14532990,LEFT TURN ONLY SIGN
14535061,HAND BUILT FLAT BED TRAILER
14535071,FIRE HYDRANT ON THE NE CORNER STRUCK
14535258,WATER PUMPING MACHINE
14535258,HIGHWAY BARRIER/ IBEAM
14537041,DAMAGE TO FENCE AND TREE
14537144,10 FOOT OF METAL RAIL AND CONCRETE.
14537165,SCISSORLIFT ELECTRIC MOD:1930ES $
14537285,GUARDRAIL ~50'
14537349,DAMAGE TO BUILDING NEAR DOOR ENTRANCE
14537402,PERIMETER FENCE
14537493,POLE 299840
14537630,TREES
14537789,UTILITY POLE #306001
14537827,GUARDRAIL TO RT OF ROADWAY
14537832,"GUARD RAIL DAMAGE, 2 WOODEN POST"
14537841,MEDIUM SIZE TREE.
14539094,THRASH CAN
14539112,CONCRETE MAILBOX
14539152,ELECTRIC POLE #306427
14539183,GUARDRAIL
14539217,TREE
14539330,TREE
14539352,BARRIER
14539357,DECORATIVE LAMP POST
14539562,CHAIN LINK FENCE
14539646,BICYCLE
14539657,FRONT OF HOUSE
14542255,STOP SIGN
14542325,BRICK WALL ALONG BACK OF HOUSES CRUSHED
14542535,METAL DIVIDER RAIL
14542799,STOP SIGN
14542838,TRAFFIC LIGHT POLE ON S\E CORNER INTER.
14547636,LIGHT POLE
14549196,SONIC MENU BOARD
14549371,SIGN
14549407,"BROKEN POWER POLES, #368204, #230824,"
14549426,PRIVATE MAILBOX
14549473,VERY LIGHT DAMAGE - EL GALLO RESTUARANT
14549484,UTILITY POLE
14550321,YARD FENCE (1401 CALADENDRA DR)
14550385,METAL PROPERTY FENCE
14555058,GUARD RAIL
14555730,LANDSCAPING/TREES
14555866,STORAGE SHED
14555914,ONE WAY SIGN
14555914,"NORTH, LOOP 1, ARROW SIGN"
14556096,"BRICK SIGN, TREE, SHRUBS, GATE"
14557171,SIDE WALL BARRIES
14557393,CITY OF AUSTIN STOP SIGN.
14557605,BROKEN ELECTRIC POLE
14557605,BROKEN HIGHWAY SIGN
14557891,LITTLE LONGHOR SALOON
14557891,AUSTIN ENERGY LINES
14559325,WALL OF HOUSE
14559325,GARAGE DOOR
14559455,ENTRY GATE / FENCE
14559580,BUILDING 10 AT 2314 WICKERSHAM LN
14559837,GUARDRAIL
14560044,ELECTRICAL UTILITY BOX
14560066,TREE KNOCKED OVER
14560771,30' OF GUARDRAIL
14561386,TREE UP ROOTED
14561418,STEEL BEAMS AND STEEL CABLE
14561572,FENCE
14561720,DAMAGE TO POWER POLE 365704
14566462,ELECTRICAL BOX
14567747,2 STREET SIGNS DOWN
14567747,2 METAL STREET SIGNS
14567857,DAMAGE TO PILLAR AT PETCO
14569106,UNIT 1 CRASHED INTO VICTIMS HOUSE
14569781,PEDESTRIAN CROSSING SIGNAL
14569969,TELEPHONE POLE (WOODEN)
14569969,ROAD SIGN (LN ENDS MERGE LEFT)
14572409,STOP SIGN
14572478,GUARDRAIL
14572493,BACKYARD FENCE DAMAGE
14572493,AT&T ELECTRICAL BOX - UNKNOWN SERIAL NUM
14572789,BICYCLE
14572808,ELECTRICITY POLE  #369861
14573665,MH 2061. DAMAGED UTILITY POLE.
14573665,BROKEN LAMP POST. MINOR DAMAGE.
14573723,STONE WALL/SIGN AND TREES
14573742,MAILBOX
14573753,STREET SIGN
14574337,SLIDING GLASS DOOR AT STORE FRONT
14574926,UTILITY POLE
14575043,ELECTRICAL POLE # 258326
14575043,AT&T PHONE BOX #1708
14575065,DIRECTIONAL SIGN
14575870,EXTERIOR WALL OF 8612 FIRESIDE DR
14575876,WEST CURB GUARD RAIL
14576129,GUARD RAIL
14576318,GUARDRAIL AND LIGHTING
14576403,TXDOT GUARD RAIL
14576447,CROSSING CONTROL LIGHT POLE
14578903,TELEPHONE POLE
14579006,GUARDRAIL
14579327,CABLE AND TELEPHONE BOXES
14579327,6402 MESA DR
14579395,ATTENUATORS (TRAFFIC BARRICADES)
14579510,KNOCKED DOWN LIGHT POLE
14579610,GUARDRAIL
14579645,BENCHES
14580596,METAL UTILITY POLE
14581071,YIELD SIGN
14581358,METAL AWNING
14582037,SURFACE DAMAGE TO CONCRETE BARRIER
14582093,"CHAIN LINK FINCE, APPROX 20 FEET"
14582118,CROSSWALK BUTTON POLE/SIGN
14585443,FIRE HYDRANT
14586568,20FT GUARDRAIL DAMAGE
14586645,MINOR DAMAGE AND CRACKING TO BRICK FENCE
14586797,GUARD RAIL
14586797,MERGE SIGN
14586894,NONE
14587055,LIGHT POLE #356452
14587069,FENCE
14587169,DAMAGED POWER BIX BY LAMP POST.
14587297,STREET LIGHT
14587476,TWO HANDICAP SIGNS
14588607,3 RD 3
14588607,10 LD 4
14590138,FENCE LINE
14590205,GUARD RAIL
14590524,STOP SIGN @ LOTT AVE
14590653,STORAGE GARAGE
14590707,ONE STOP SIGN
14590707,PEDESTRIAN GUARD RAIL
14590747,CONCRETE BARRIER WALL
14590767,512 326 5008 --METAL FENCE DAMAGED.
14592172,SIGNAGE ON IH 35
14592258,CONCRETE BARRIER-SCRATCHED;NO STRUCTURAL
14592281,NONE
14592281,NONE
14592986,IRON FENCE AND STONE PILLAR.SAM SCHAFFER
14593081,CHAIN LINK FENCE
14593081,FRONT LEFT CORNER OF HOUSE
14593146,ST EDWARDS BAPTIST CHURCH
14593147,GUARD RAIL
14593254,DAMAGE CROSS WALK BUTTON
14594688,UTILITY POLE #331821
14594939,BRICK MAILBOX
14594945,BUILDING
14596039,100 FT OF GUARD RAIL DAMAGE ON WEST SIDE
14596402,STRUCTURE DAMAGE SIDE OF HOUSE/GARAGE
14596554,STREET/TRAFFIC LIGHT
14597674,POLE
14597697,30FT OF GUARDRAIL DAMAGE
14598142,ROAD SIGN
14598244,AUSTIN CAFE
14601591,STOP & STREET SIGN AND WIRE
14603630,GAUGES IN ROADWAY
14603630,PENICK/RIVERSIDE STOP SIGN
14603701,RESIDENTIAL GARAGE DOOR
14603709,CONCRETE BARRIER WALL
14603732,GREATER LOVE BAPTIST CHURCH
14603880,GARAGE PORT
14604311,GUIDE WIRE
14604379,GOUGES IN THE ROADWAY
14604392,IRON FENCE - 6 FT
14604415,PRIVACY FENCE (20 FT DAMAGE)
14604812,GUARD RAILING
14605370,WOODEN ELECTRIC POLE
14606254,RAILING 20FT.
14608162,MAIL BOX
14608162,SHRUBS
14608344,CONCRETE WALL/CORNER
14608438,GUARDRAIL
14608732,FENCE
14608809,ELECTRICAL WIRES AND POLES
14609354,DAMAGE TO IMPACT ABSORBER
14609747,LARGE FLOWER POT. 512-447-2222
14609963,BRIDGE
14610148,FENCE 300
14610148,CRATE MERTAL 250
14610148,EVERGREEN TREE 500
14610148,ROAD SIGN 100
14610255,ONE-WAY SIGN
14610469,STONE WALL
14610533,GREEN GIANT BICYCLE
14610541,CITY LIGHT POLE #384573
14610651,CITY OF AUSTIN CROSSWALK SIGN
14610882,U-TURN SIGN KNOCKED DOWN
14610918,LIGHT POLE #382476
14613129,PARKIGNN SIGN
14613758,APPX 75' GUARDRAIL
14613906,5114 BALCONES WOODS DR #302
14614132,TRAFFIC LIGHT POST
14614132,CABLE BOX
14614840,GARAGE DOOR AND SERVICE DOOR WERE HIT
14614855,FENCE
14614895,AT&T PHONE OX
14615125,STREET SIGN
14615125,FIRE HYDRANT
14615698,LIGHT POLE
14616000,LANDSCAPING
14618346,LAWN DECORATIONS
14618346,TREE
14619736,GUARD RAIL ON OFF RAMP
14620293,DAMAGE TO FENCE ON EAST SIDE OF COMPLEX
14620317,RAN OVER SIGN $7000
14620331,METAL FENCE / 2101 RIVERS EDGE WAY #5/#6
14620331,WOOD FENCE /2101 RIVERS EDGE WAY #5/#6
14621504,LIGHT POLE STRUCK. 403183
14621516,BUILDING
14621585,EXIT SIGN FOR RAMP
14621879,1113 SALEM PARK CT
14621930,UTILITY POLE #224972
14625823,TRAFFIC SIGNAL POLE
14626034,YIELD SIGN
14626140,BACK DOOR TO APT 101 AT BUILDING 7586
14626475,WOOD TELE POLE-MINOR. RISER POLE-BENT.
14627055,GUARDRAIL - APPROX 50 FEET
14627138,VEHICLE STOPPER COLLISION BARRICADE
14627168,FENCE
14627186,SERVICE POLE
14627282,STREET SIGN
14627353,1 WAY SIGN TAKEN OUT.
14627371,CROSSWALK SIGNAL POST
14627393,PROOPERTY FENCE
14627426,40 MPH - SIGN
14627426,FIRE HYDRANT
14627475,DAMAGED SIGN AT FRONT OF NEIGHBORHOOD
14628091,GUARDRAIL AND POSTS
14628630,NONE
14629055,GUARDRAIL DAMAGE
14629535,"BARBED WIRE FENCE, APPROX 60FT"
14629726,LIGHT POLE
14629772,STREET SIGN POLE
14631224,BUILDING
14631643,VEHICLE STRIKES LIGHT FIXTURE
14633234,GUARDRAIL 70'
14633433,IMPACT ATTENWATERS
14633442,FIXED YELLOW ARROW SIGN
14633465,WOODEN BOX
14633507,LIGHTPOLE 312016
14633507,BROKE 20 FEET OF FENCE
14633596,GARBAGE CAN
14633598,NORTH FENCE LINE OF PROPERTY DAMAGED
14633601,SIGN
14633692,WIRE FENCE AND POST. BUSINESS SIGN ALSO
14633716,ABOUT 20 FEET OF FENCEING AND A TREE
14633728,NONE
14634290,YELLOW BARRIER PILLAR WAS KNOCKED DOWN
14634370,APPROXIMATLY 15 FEET OF GUARDRAIL ON SVR
14636922,FIRE HYDRANT SNAPPED OFF
14637186,USPS COMMUNITY MAILBOX. MULTIPLE
14637298,UTLITY POLL DAMAGED
14637315,CONCRETE TABLE AND BENCH.
14640092,POWER POLE #224175
14640092,FENCE
14640770,DAMAGE TO LANDSCAPE
14640775,WOODEN MAILBOX
14640783,FENCE DAMAGE TO APARTMENT COMPLEX
14640783,ROAD SIGN DAMAGE
14640786,DAMAGED SPRINKLER HEAD
14641949,ONE WAY SIGN AND POLE
14642190,EXIT SIGN KNOCKED DOWN
14642288,TRANSFORMER DAMAGED
14642750,PED. CROSSING SIGNAL (BOX AND POLE)
14645110,2 COMMUNITY MAIL BOXES
14646769,IMPACT ATTENUATOR
14647315,GUARDRAIL DAMAGE SOUTHSIDE OF DUVAL 3500
14647473,LAMP POST
14647642,LIGHT POLE# 338752
14647670,STOP SIGN
14650327,SIGN THAT SAYS DO NOT DRIVE ON SHOULDER
14650412,"CHAIN LINK FENCE, APPROXIMATELY 100'"
14650793,STONE WALL & METAL FENCING @ MAIN ENTRY
14650886,CONCRETE RETAINING WALL
14650887,CONSTRUCTION SIGN ORANGE
14650890,LIGHT POLE #397278
14650891,CITY WATER PIPE
14650899,LIGHT POLE 310999
14650905,GUARD RAIL
14650920,SIDING ON BUILDING
14650950,SPEED LIMIT SIGN
14650956,UTILITY POLE # 318640
14650956,GUARD RAIL DAMAGE
14650968,GUARDRAIL
14650968,IH 35 SB ENTRANCE RAMP SIGN
14651067,CURB CHIPPED AND BUSHES DAMAGED
14651084,TREE
14651147,TRAFFIC SIGN HIT
14652388,PEDESTRIAN CROSSING SIGNAL LIGHT BROKEN
14652390,"FENCE AT ROSEWOOD CTS APT, 2001 ROSEWOOD"
14652396,EXIT RAMP BARRICADE
14652429,APPROX 30 FT GUARDRAIL DAMAGE
14653046,1 CURVE INDICATION SIGH
14655390,RETAINING WALL
14655580,2501 WICKERSHAM LN #1
14657218,MAN HULE COVER
14657218,ELECTRICAL JUNCTION BOX
14657276,PED TRAFFIC CONTROL DEVICE
14657277,ONE GUARDRAIL SUPPORT
14657277,2 CABLE SUPPORTS
14657663,BUS STOP BENCH
14657669,UTILITY POLE
14657669,HILLSIDE FARMACY
14657712,STREET LIGHT POLE
14657712,NO PARKING SIGN
14659456,3 STREET SIGNS
14659456,LAWN SPRINKER SYSTEM
14661505,POLE # 261-225
14663293,CITY OF AUSTIN LIGHT POLE
14663298,AUSTIN ENERGY POLE 329143
14663784,GUARDRAIL IN THE TURN AROUND
14663833,SIGN AND ELECTRIC BOX DAMAGED
14663836,2 SUPPORT POLES FOR GUARDRAIL
14663839,NONE
14663855,METAL FENCE - AUSTIN ENERGY
14663860,METAL FENCE
14663860,LIGHT POLE
14663864,STREET LIGHT POLE 348758
14663884,SIGNAGE
14663901,WATER-FILLED CONSTRUCTION BARRIER
14663903,GUARDRAIL - APPROX 75 FEET
14663908,BROKEN MAILBOX
14663908,UTILITY POLE #208073 SHEARED IN HALF
14663913,"DO NOT ENTER SIGN,  EAST BOUND"
14663938,COMMUNICATIONS LINE CONDUIT
14663938,FIRE HYDRANT
14663963,TELEPHONE POLE
14663963,METAL BENCH AND TRASH CAN
14663970,FIRE HYDRANT
14663975,EXIT SIGN POST.
14664037,UTILITY BOX
14664037,FENCE
14664044,ROD IRON FENCE
14664049,FENCING
14664074,METAL & BRICK FENCE
14664078,FRONT DOOR OF EXXON 7/11
14664082,GUARD RAIL DAMAGE-5 FEET
14664095,TRAFFIC CONTROL SIGN
14664382,HISTORIC FENCE AND LANDSCAPE
14665687,LIGHT POLE #382193
14667269,GUARDRAIL DAMAGE
14667295,LIGHT POLE
14667330,HANDICAP PARKING SIGN
14667332,CABLE/PLASTIC BARRIER
14667794,DAMAGE TO RAILING ON BUILDING OF 6800
14667841,LIGHT POLE
14670762,10-15 FEET OF INSIDE GUARDRAIL
14670780,PILAR AND LANDSCAPING
14670835,FENCE
14670835,LIGHT POLE
14670856,STOP SIGN
14671690,"GUARDRAIL, INSERT POST"
14671776,GUARDRAIL (12' APPROX.W/ 3 POSTS)
14671779,POSTED HANDI-CAP SIGN
14675639,FIRE HYDRANT
14675648,PARKING SIGN AND FIRE HYDRANT
14675668,DAMAGED PALM TREES AND ROCK LANDSCAPING.
14675715,(2) WOODEN TELEPHONE POLES 30'
14675850,"STAIRWELL, HANDICAP SIGN, BUILDING"
14675864,MOTORIZED WHEELCHAIR/CONVEYANCE
14675890,GUARD RAIL
14675893,DAMAGED STREET SIGNS
14675895,DAMAGED POLE NEXT TO SHELL SIGN
14675897,MAILBOX AND PLANTS
14675909,PRIVATE GATE AT 901 BAYLOR ST
14677072,TXDOT ROAD SIGN
14677721,35-40 FEET OF GUARD RAIL DAMAGE
14677784,GUARD RAIL
14677790,FENCE/MERCHANDISE-YES IMPORTS
14677792,GUARD RAIL DAMAGE 12FT
14677795,30 FEET OF GUARDRAIL
14679921,ENTRANCE RAMP GUARD RAIL
14679933,GUARDRAIL/BARRELS
14679936,LIGHT/POWER POLE
14679949,DAMAGE TO CITY OF AUSTIN ELECTRICAL BOX
14681860,FIRE HYDRANT
14681921,GUARD RAIL DAMAGE
14682063,BUILDING PILLAR
14682146,DAMAGE TO FENCE
14682154,MAILBOX
14683817,LANDSCAPING DAMAGE AND TREE
14683835,TRAFFIC LIGHT POLE
14683890,VEHICLE GATE
14684060,BICYCLE
14684060,BICYCLE
14688115,HWY SIGN
14688917,10-15 FT OF GUARDRAIL
14688926,GAURD RAIL
14688957,CABLE BARRIER
14688966,WOOD LIGHT POLE #271513
14689001,FURNITRE MARKET BUILDING
14689013,STOP SIGN
14689039,"GUARD RAILING, POLES"
14689040,TREE AND SHRUBS
14689061,DAMAGE TO FRONT. YARD
14689061,DAMAGE TO FRONT YARD
14692255,20' METAL GUARDRAIL
14693261,PATROL BICYCLE - $258 DAMAGE
14694957,PEDESTRIAN TRAFFIC LIGHT
14694994,TELEPHONE POLE (NON FUNCTIONING)
14695059,DOG
14695061,BICYCLE
14696819,SMALL TREES/SHRUBS
14696820,FENCE AROUND RETENTION POND
14696839,MAILBOX
14697429,15 FT OF DAMAGE DUE TO CRASH.
14697547,STREET LIGHT POLE (365414)
14697547,METAL FENCE / STONE
14697594,LIGHT POLE
14697645,SHRUBBERY
14697668,GUARDRAIL
14701571,HIT THE TRAIN TRACK BRIDGE. NOT SURE IF.
14701613,HIT POWER WOODEN POLE/NO DAMAGE
14701613,POLE # LF0469
14701636,FENCE
14701636,"HOUSE, FOUNDATION"
14701694,STONE WALL AND FENCE
14701703,10 FEET OF GUARD RAIL
14701704,GUARD RAIL (15 FT)
14701711,BUS STOP WALL
14701719,MAIL BOX (USPS)
14701719,2 TREES
14701745,ONE WAY SIGN
14704115,TRANSFORMER SN#121216
14704140,RETAINING WALL
14704201,FENCE/BRICK PILLARS
14706303,GUARDRAIL
14706694,TIRE MARKS ON RENTAL CAR LEFT SIDE
14706764,STONE FENCE
14706764,FRONT YARD SOD
14706833,LIGHT POLE 402129
14710508,KENT 21 SPEED ROAD BICYCLE
14710912,GURAD RAIL
14710996,GUARDRAIL
14711014,FENCE ALONG PROPERTY
14711076,TREE
14711118,SEVERAL WHITE CONES AT THE TURN AROUND
14711119,GOUGES IN ROADWAY
14711121,LIGHT POLE #234335
14711122,GUARD RAIL
14711141,LIGHTPOLE
14711141,GUARDRAIL - APPR 10 FEET
14711144,GUARDRAIL
14711145,STREET SIGN
14711179,GARAGE DOOR TO BUSINESS
14711188,FENCE AND SECURITY ARM
14711189,WOODEN FENCE
14711221,GUARDRAIL
14711223,UTILITY POLE #363826
14712408,ROCK PILLAR
14714880,GUARD RAIL
14714887,GUARDRAIL
14714888,BROKEN SECTION OF WOODEN FENCE
14714893,MAIL BOX
14714894,POWER POLE #310629
14714898,DAMAGED TENTION CABLE AND POSTS
14715006,STOP SIGN / STREET SIGN
14715118,55MPH SPEED LIMIT SIGN KNOCKED DOWN.
14715123,GUARDRAIL
14715124,LIGHT POST #
14715125,UTILITY POLE
14715126,LIGHT POLE
14715134,LIGHT POLE ON PROPER #404128
14715135,METAL LIGHT POLE
14715137,GUARD RAIL (APPROX 20 FEET)
14715139,MAIL BOX
14715196,50 FEET OF GUARD RAIL DAMAGED.
14717820,ELECTRIC WHEELCHAIR
14717822,BACK DOOR WOODEN DECK OF HOUSE AT 1814 N
14717835,FIRE HYDRANT /ARROW POLES
14717852,CURB
14717856,APPRX. 40FT OF GUARDRAIL DAMAGED.
14719466,20FT GUARDRAIL
14719506,GUARDRAIL 25 FT
14719518,FENCE
14719547,BICYCLE
14719548,ON RAMP GUARDRAIL
14719550,TRAILER
14719705,GUARD RAIL
14719705,LIGHT POLE
14719712,CITY LIGHT POLE
14719760,SHRUBBERY
14719761,PRIDE AND JOY SCHOOLFENCE AND PORCH
14719822,FIRE HYDRANT IN 2000 BLOCK OF MARCOS ABR
14728156,PARKING SIGN
14728156,3 UTLITY POLES AND CAP METRO BUS SIGN
14728221,GUARDRAIL
14728231,LIGHT POLE ON PERSONNEL PROPERTY
14728235,GUARD RAIL ON BRIDGE DAMAGED.
14728377,RAIL GUARD
14728439,WIRE FENCE BARIER
14728441,CONCRETE RETAINING WALL
14728479,GRASS AND FOLIAGE DAMAGED BY UNIT 1
14728497,WOODEN FENCE
14728529,LANDSCAPE AND TREE DAMAGE
14728535,CROSSWALK LIGHT BOX
14728536,MAILBOX
14728538,"STONE RETAINING WALL, LANDSCAPING, TREE"
14731269,SIGN
14731269,METAL FENCE
14731344,FENCING (APPROX 30 FT)
14731353,YES-ROCKWORK-LANDSCAPING
14731423,"""WRONG WAY"" SIGN"
14733737,FIRE HYDRANT
14733781,STONE SIGN
14735704,60MPH SPEED LIMIT SIGN
14735704,LIGHT POLE
14735715,SHOPPING CART
14735812,SEVERE DAMAGE TO STONEWALL FENCE
14735814,RETAINING WALL
14735840,GUARD RAIL
14735868,WROUGHT IRON FENCE
14735891,WOODEN POLE 305803
14735931,TRAFFIC SIGNAL POLE
14735957,APPROX. 10 FEET OF METAL FENCING.
14735963,TRAFFIC CONTROL SIGN
14735987,LANDSCAPE DAMAGE. RACHEL SYPHO-MGR
14736003,UNDERGROUND CABLE BOX.
14736015,UTILITY POLE  390965
14736018,FENCE AND BRICK POLE
14736018,GUARD RAIL
14736020,GUARDRAIL COA
14742588,NONE
14742590,"MAILBOX, WALL, TREES DAMAGED"
14742595,FENCE/ LANDSCAPING/ WATER SPRINKLER
14742596,NONE
14742598,SIGNAL POLE
14742601,GUARD RAIL DAMAGE
14742605,GUARDRAIL
14742608,"TREE, AND FENCE LINE"
14742671,FENCELINE
14742698,STOP SIGN & POLE
14742700,CHAIN LINK FENCE - APPROX 30 FEET
14742742,20'GUARDRAIL DAMAGE IN THE CENTER MEDIAN
14742746,GUARDRAIL
14742759,BRIDGE RAILING
14742784,RETAINING WALL
14742787,UNMARKED POWER POLE
14742788,LIGHT POLE 384643
14742792,CONVENIENCE STORE
14742820,POWER LINE
14742820,SIGNAL LIGHTS
14742829,CLUSTER OF ROCKS EROSION DEVISE.
14742845,METAL FENCE DAMAGE
14742870,"ORANGE BARRELS, YELLOW PLASTIC BARRIER"
14748477,TRASH CAN
14748486,LOW CLEARANCE SIGN & GARAGE CEILING
14748487,2500 OF FLOWER LANDSCAPING3000 POT
14748493,LIGHT POLE 388753
14748791,GUARDRAIL
14751006,GAURD RAIL
14754940,BRICK RETAINING WALL
14755110,GUARD RAIL
14755111,TELEPHONE POLE / STREET SIGN
14757166,AWNING SUPPORT POLES AND CONCRETE SLAB
14757170,50FT BARRIER
14757174,GUARD RAIL
14757281,SIGNAL LIGHT @ INTERSECTION
14757281,ROAD SIGN
14757295,GUARDRAIL
14757305,SECURITY ENTRY GATE
14757306,RAN OVER MAIL BOX.
14757346,GUARDRAIL
14757363,6FT OF GUARD RAIL DAMAGE
14757418,GREEN ELECTRIC TRANSFORMER WAS RUN OVER.
14759305,STREET SIGN
14759310,RESIDENTIAL WALL
14759339,DAMAGE TO GUARD RAIL
14761877,CROSSING LIGHT SW CORNER
14761888,"DAMAGE TO TREE, KNOCKED DOWN STOP SIGN,"
14761927,SIGN
14763453,GUARD RAIL
14763463,METAL LIGHT POLE
14766148,GUARDRAIL EAST CURB/100FT APPROX
14767737,UTILITY POLE
14767800,FIRE HYDRANT
14767892,"WATER BARRIER/GUARDRAIL, ORANGE BARRELS"
14767893,BLUE BICYCLE
14767940,GUARDRAIL
14768432,50 FT OF GUARDRAIL DAMAGE
14768436,GUARDRAIL
14771342,DAMAGE TO BUILDING
14771350,LIGHT POLE #301825
14771351,10 FEET GUARDRAIL
14778696,GAURDRAIL
14778702,CEMONT BLOCKS ALONG ROADWAY
14778766,BUILDING
14778774,STEEL FIXTURE
14778781,WOODEN LIGHT POLE FOR TRAFFIC SIGNAL LIG
14778831,LIGHT POLE
14778839,CONTROL BOX FOR RAILROAD CROSSING LIGHTS
14778861,"HIT GUIDE WIRES, MET GUARD AROUND WIRES."
14778922,TORE DOWN FENCE
14778976,LANDSCAPING AND CONCRETE BLOCK DAMAGE
14778976,STREET LIGHT POLE BASE #385555
14778988,POWER LINES
14778991,FENCELINE
14778997,LIGHT POLE #265356
14779043,NONE
14779046,20' OF STEEL GUARDRAIL
14779053,ELECTRICAL BOX
14779054,COLUMN HOLDING UP A PORCH
14779054,DAMAGE TO FENCE
14779056,20' GUARDRAIL
14779060,MAIL BOX
14779099,GUARD RAIL
14779102,DAMAGED GATE
14784597,CAR2GO
14784645,GUARDRAIL DAMAGE
14784649,GUARD RAIL
14787061,NONE
14787061,NONE
14787143,DAMAGED FENCING AND ELECTRIC SWITCH
14787164,GUARD RAIL
14787165,TREE
14787165,TREE
14787167,228 EXIT SIGN
14787199,GUARDRAIL
14787238,STOP SIGN
14788579,CONCRETE RETAINING WALL ON TURNAROUND LN
14788626,MAILBOX
14792217,SPECIAL ROAD EQUIPEMENT
14792754,NONE
14792760,LIGHT POLE
14792786,LIGHT POLE 377153
14792831,CONCRETE BARRIER
14792868,CORNER OF BUILDING AND LANDSCAPING
14792930,CITY WARNING SIGN-CAUTION SIGN
14792939,POLE UPROOTED AND CRUSHED
14792942,DAMAGE TO BRICK WALL
14793012,LANDSCAPE
14793019,WATER BARRIERS
14793022,GUARDRAIL
14793255,ROADWAY EXIT SIGN
14793567,WHEEL BARRIER
14793568,FENCE
14793598,GUARDRAIL
14798500,POWER POLE
14798517,GRASS TO ST. DAVIDS MED CTR
14798519,BUS STOP SIGN AND BENCH
14798520,IH 35 SIGN
14798521,DAMAGE TO WOODEN FENCE
14798624,LANDSCAPING/WALL
14798702,NO PARKING SIGN
14798707,GUARD RAILS
14798769,20-FOOT TALL TREE UPROOTED
14798769,CONCRETE CURB DAMAGED
14798775,DAMAGE TO LAWN AND SHRUBS
14798810,GUARDRAIL
14800286,STREET LAMP
14802469,APPROXIMATELY 10-15 FEET OF GUARDRAIL DA
14807049,"CHIPPED CEMENT ON WALL, NEXT TO STAIRS."
14809419,CRAIG MRYTLE TREE AND HEDGES
14809425,UTILITY POLE
14809462,UTILITY POLE
14809589,WOODEN UTILITY POLE #248384
14809621,PLANT
14809653,FIRE HYDRANT
14809665,METAL GUARD RAIL/MEDIAN
14816145,LIGHT POLE (STREET LIGHT)
14816326,METAL LIGHT POLE #377218
14816388,BICYCLE
14816391,MINOR GUARDRAIL DAMAGE
14816422,TELEPHONE POLE
14816520,FLYOVER PROTECTION GUARDRAIL
14819845,WOODEN DECORATIVE SPLIT RAIL FENCE
14819855,WOODEN BARRICADE SPLIT IN HALF
14819934,MAIL BOX
14819934,LIGHT POLE
14819940,GUARD RAIL DAMAGED
14820020,LIGHT POLE
14820083,TREE
14820084,CHAIN LINK FENCE
14823169,BUS STOP
14823176,20-30 FT OF GUARDRAIL DAMAGE
14823178,FENCE
14823235,BROKEN CHAINLINK FENCE
14823313,PARKING GARAGE WALL
14823316,GUARD RAIL
14823316,"SIGNAL LIGHT POLE,TRANSFORMER BOX"
14823318,"50 FEET OF GUARDRAIL, AND 6 POSTS"
14825588,GUARDRAIL
14825597,CONCRETE BARRIER
14825712,ENTRANCE GATE
14825722,LARGE TREE
14831204,GRASS DAMAGE; AGAVE
14831204,LIGHT POLE 206779
14831223,WATER PIPE
14831229,TWO RAIL ROAD CROSSING ARMS FOR EB TRAFF
14831273,12TH STREET OVERPASS NORTH CURB MIDDLE
14831276,DEMOLISHED A STONE MAILBOX
14831303,UTILITY POLE #299214
14831336,GARAGE DOOR AND WOODED BARRIER DAMAGED
14831336,WHITE PICKET FENCE AND BUSH DAMAGED
14831337,DOWNED LIGHT POLE
14831360,10 FT OF GUARD RAIL AND WOODEN SUPPORTS
14831418,GUARD RAIL DAMAGED
14831420,FENCELINE / TREES
14831421,FENCE
14831424,ROAD SIGNS
14831424,LIGHT POLE #399792
14831462,GUARD RAIL
14831467,GUARDRAIL
14831469,DENTED METAL FENCE POST
14831471,TREE
14831472,GUARDRAIL
14831503,15 FT OF GUARD RAIL
14831509,GUARD RAIL
14834893,GUARDRAIL DAMAGE
14834896,VEHICLE STRUCK F.R. BEDROOM EXT WALL
14834898,DAMAGE TO FENCE512 576 1706
14834903,TELEPHONE POLE
14834951,GUARD RAIL NEAR MM 233 SB
14834952,10 FT OF GUARD RAIL DAMAGE.
14836517,DAMAGE TO FENCE POLES ON NORTH SIDE OF C
14836517,METAL FENCE HIT ON PROPERTY LINE
14836527,GUARD RAIL - SLIGHT DAMAGE/MARKINGS
14836568,"METAL STREET LIGHT POLE, #390909, BROKE"
14839101,GUARDRAIL
14840290,GUARDRAILS
14840290,CATTLE FENCE
14841956,FIRE HYDRANT
14841956,LIGHT POLE
14841965,BUSHES IN FRONT OF SPEEDY CASH
14842007,TXDOT GUARDRAIL 20FT OF DAMAGE
14842011,GUARD RAIL ON S ENTRANCE CURB LINE HIT
14842071,WARNING PYLON
14842073,FRONT WINDOWS
14844399,APRX 20 FEET OF GUARD RAIL
14844405,WALL
14844928,GUARD RAIL
14844929,FLOWER BED
14844933,CAPITAL METRO BUS STOP SIGN
14845025,TOLL BOOTH BARRIER
14845027,GUARDRAIL
14845083,LIGHT POLE
14848752,30 FEET OF GUARD RAIL DAMAGE
14848758,LIGHT POLE KNOCKED DOWN
14848990,FENCE
14849012,BRICK WALL/FENCE
14849013,FIRE HYDRANT
14849025,HYDRO BARRIER
14849054,STREET SIGNAGE
14849054,POWER/LIGHT POLE
14850769,TRAFFIC SIGNS
14850770,GUARD RAIL
14859691,MAIL BOX/FENCE
14862930,TREE
14882998,AUSTIN ENERGY TELEPHONE POLE
14884605,PARKING SIGN
14884605,PARKING PAY STATION
14889636,SIGN
14889638,AUSTIN ENERGY POLE AND JURISDICTION BOX
14889639,BRICKS
14892345,BRICK WALL
14896481,TREE
14898595,METAL UTILITY POLE WITH WIRES/ CABLES.
14898595,METAL BUS STOP BENCH AND METAL TRASH CAN
14905501,ROCK WALL
14905501,WOOD PRIVACY FENCE
14919696,8 FT GOUGE MARK ON CONCRETE DIVIDER WB
14937411,CHICK-FIL-A SIGN
14960951,POSSIBLE GAURDRAIL DAMAGE
15101656,MAILBOX
15285446,DESTROYED STREET SIGN.
15498960,TREE
15531121,COA TELEPHONE POLE  # 244451
15531122,LIGHT POLE 318529
15531124,RAILING END CAP APPROX 5 FEET
15532562,DISPLACED SHRUBBERY
15532562,BROKEN GAS LINE / METER.
15532563,DEEP FRY COOKER
15536418,DAMAGED GUARDRAIL.
15536419,APPROXIMATELY 15FT OF GUARD RAIL DAMAGED
15536427,BACKYARD FENCE OF RESIDENCE
15540998,CITY OF AUSTIN TELEPHONE POLE
15543495,GUARD RAIL DAMAFE
15562352,UTILITY POLE 468934
15581890,PLANTED PLANTS IN FRONT YARD
15585295,WILD DEER
15787181,DOG SCHOOL SIGN
16228629,FENCE AND TREE
